articulo,texto,tutela
1,"articulo 1. colombia es un estado social de derecho, organizado en forma de",no
2,"articulo 2. son fines esenciales del estado: servir a la comunidad, promover la",no
3,"articulo 3. la soberania reside exclusivamente en el pueblo, del cual emana el poder",no
4,articulo 4. la constitucion es norma de normas. en todo caso de incompatibilidad,no
5,"articulo 5. el estado reconoce, sin discriminacion alguna, la primacia de los derechos",no
6,articulo 6. los particulares solo son responsables ante las autoridades por infringir la,no
7,articulo 7. el estado reconoce y protege la diversidad etnica y cultural de la nacion,no
8,articulo 8. es obligacion del estado y de las personas proteger las riquezas culturales y,no
9,articulo 9. las relaciones exteriores del estado se fundamentan en la soberania,no
10,articulo 10. el castellano es el idioma oficial de colombia. las lenguas y dialectos de                                        titulo ii                                      capitulo 1,no
11,articulo 11. el derecho a la vida es inviolable. no habra pena de muerte.,no
12,"articulo 12. nadie sera sometido a desaparicion forzada, a torturas ni a tratos o penas",no
13,"articulo 13. todas las personas nacen libres e iguales ante la ley, recibiran la misma",si
14,articulo 14. toda persona tiene derecho al reconocimiento de su personalidad juridica.,no
15,articulo 15. todas las personas tienen derecho a su intimidad personal y familiar y a su,no
16,articulo 16. todas las personas tienen derecho al libre desarrollo de su personalidad,si
17,"articulo 17. se prohiben la esclavitud, la servidumbre y la trata de seres humanos en",no
18,articulo 18. se garantiza la libertad de conciencia. nadie sera molestado por razon de,no
19,articulo 19. se garantiza la libertad de cultos. toda persona tiene derecho a profesar,si
20,articulo 20. se garantiza a toda persona la libertad de expresar y difundir su,no
21,articulo 21. se garantiza el derecho a la honra. la ley senalara la forma de su,si
22,articulo 22. la paz es un derecho y un deber de obligatorio cumplimiento.,no
23,articulo 23. toda persona tiene derecho a presentar peticiones respetuosas a las,si
24,"articulo 24. todo colombiano, con las limitaciones que establezca la ley, tiene derecho",no
25,"articulo 25. el trabajo es un derecho y una obligacion social y goza, en todas sus",no
26,articulo 26. toda persona es libre de escoger profesion u oficio. la ley podra exigir,no
27,"articulo 27. el estado garantiza las libertades de ensenanza, aprendizaje, investigacion",no
28,"articulo 28. toda persona es libre. nadie puede ser molestado en su persona o familia,",no
29,articulo 29. el debido proceso se aplicara a toda clase de actuaciones judiciales y,si
30,"articulo 30. quien estuviere privado de su libertad, y creyere estarlo ilegalmente, tiene",no
31,"articulo 31. toda sentencia judicial podra ser apelada o consultada, salvo las",no
32,articulo 32. el delincuente sorprendido en flagrancia podra ser aprehendido y llevado,no
33,"articulo 33. nadie podra ser obligado a declarar contra si mismo o contra su conyuge,",no
34,"articulo 34. se prohiben las penas de destierro, prision perpetua y confiscacion.",no
35,articulo 35. se prohibe la extradicion de colombianos por nacimiento. no se concedera,no
36,articulo 36. se reconoce el derecho de asilo en los terminos previstos en la ley.,no
37,articulo 37. toda parte del pueblo puede reunirse y manifestarse publica y,no
38,articulo 38. se garantiza el derecho de libre asociacion para el desarrollo de las,no
39,articulo 39. los trabajadores y empleadores tienen derecho a constituir sindicatos o,no
40,"articulo 40. todo ciudadano tiene derecho a participar en la conformacion, ejercicio y",no
41,"articulo 41. en todas las instituciones de educacion, oficiales o privadas, seran                                        capitulo 2",no
42,articulo 42. la familia es el nucleo fundamental de la sociedad. se constituye por,no
43,articulo 43. la mujer y el hombre tienen iguales derechos y oportunidades. la mujer no,no
44,"articulo 44. son derechos fundamentales de los ninos: la vida, la integridad fisica, la",no
45,articulo 45. el adolescente tiene derecho a la proteccion y a la formacion integral.,no
46,"articulo 46. el estado, la sociedad y la familia concurriran para la proteccion y la",no
47,"articulo 47. el estado adelantara una politica de prevision, rehabilitacion e integracion",no
48,articulo 48. la seguridad social es un servicio publico de caracter obligatorio que se,si
49,articulo 49. la atencion de la salud y el saneamiento ambiental son servicios publicos,no
50,articulo 50. todo nino menor de un ano que no este cubierto por algun tipo de,no
51,articulo 51. todos los colombianos tienen derecho a vivienda digna. el estado fijara las,si
52,"articulo 52. se reconoce el derecho de todas las personas a la recreacion, a la practica",si
53,articulo 53. el congreso expedira el estatuto del trabajo. la ley correspondiente tendra,no
54,articulo 54. es obligacion del estado y de los empleadores ofrecer formacion y,no
55,articulo 55. se garantiza el derecho de negociacion colectiva para regular las,no
56,"articulo 56. se garantiza el derecho de huelga, salvo en los servicios publicos",no
57,articulo 57. la ley podra establecer los estimulos y los medios para que los,no
58,articulo 58. se garantizan la propiedad privada y los demas derechos adquiridos con,si
59,"articulo 59. en caso de guerra y solo para atender a sus requerimientos, la necesidad",no
60,"articulo 60. el estado promovera, de acuerdo con la ley, el acceso a la propiedad.",no
61,articulo 61. el estado protegera la propiedad intelectual por el tiempo y mediante las,no
62,"articulo 62. el destino de las donaciones intervivos o testamentarias, hechas conforme",no
63,"articulo 63. los bienes de uso publico, los parques naturales, las tierras comunales de",no
64,articulo 64. es deber del estado promover el acceso progresivo a la propiedad de la,no
65,articulo 65. la produccion de alimentos gozara de la especial proteccion del estado.,no
66,articulo 66. las disposiciones que se dicten en materia crediticia podran reglamentar,no
67,articulo 67. la educacion es un derecho de la persona y un servicio publico que tiene,si
68,articulo 68. los particulares podran fundar establecimientos educativos. la ley,no
69,articulo 69. se garantiza la autonomia universitaria. las universidades podran darse,no
70,articulo 70. el estado tiene el deber de promover y fomentar el acceso a la cultura de,no
71,articulo 71. la busqueda del conocimiento y la expresion artistica son libres. los,no
72,articulo 72. el patrimonio cultural de la nacion esta bajo la proteccion del estado. el,no
73,articulo 73. la actividad periodistica gozara de proteccion para garantizar su libertad e,no
74,articulo 74. todas las personas tienen derecho a acceder a los documentos publicos,no
75,articulo 75. el espectro electromagnetico es un bien publico inenajenable e,no
76,articulo 76. la intervencion estatal en el espectro electromagnetico utilizado para los,no
77,articulo 77. la direccion de la politica que en materia de television determine la ley sin                                      capitulo 3,no
78,articulo 78. la ley regulara el control de calidad de bienes y servicios ofrecidos y,no
79,articulo 79. todas las personas tienen derecho a gozar de un ambiente sano. la ley,si
80,articulo 80. el estado planificara el manejo y aprovechamiento de los recursos,no
81,"articulo 81. queda prohibida la fabricacion, importacion, posesion y uso de armas",no
82,articulo 82. es deber del estado velar por la proteccion de la integridad del espacio                                      capitulo 4,no
83,articulo 83. las actuaciones de los particulares y de las autoridades publicas deberan,no
84,articulo 84. cuando un derecho o una actividad hayan sido reglamentados de manera,no
85,"articulo 85. son de aplicacion inmediata los derechos consagrados en los articulos 11,",no
86,"articulo 86. toda persona tendra accion de tutela para reclamar ante los jueces, en",si
87,articulo 87. toda persona podra acudir ante la autoridad judicial para hacer efectivo el,no
88,articulo 88. la ley regulara las acciones populares para la proteccion de los derechos e,no
89,"articulo 89. ademas de los consagrados en los articulos anteriores, la ley establecera",no
90,articulo 90. el estado respondera patrimonialmente por los danos antijuridicos que le,no
91,articulo 91. en caso de infraccion manifiesta de un precepto constitucional en,no
92,articulo 92. cualquier persona natural o juridica podra solicitar de la autoridad,no
93,"articulo 93. los tratados y convenios internacionales ratificados por el congreso, que",no
94,articulo 94. la enunciacion de los derechos y garantias contenidos en la constitucion y                                         capitulo 5,no
95,articulo 95. la calidad de colombiano enaltece a todos los miembros de la comunidad                                          titulo iii                                         capitulo 1,no
96,articulo 96. son nacionales colombianos:,no
97,"articulo 97. el colombiano, aunque haya renunciado a la calidad de nacional, que                                      capitulo 2",no
98,articulo 98. la ciudadania se pierde de hecho cuando se ha renunciado a la,no
99,articulo 99. la calidad de ciudadano en ejercicio es condicion previa e indispensable                                       capitulo 3,no
100,articulo 100. los extranjeros disfrutaran en colombia de los mismos derechos civiles                                       capitulo 4,no
101,articulo 101. los limites de colombia son los establecidos en los tratados,no
102,"articulo 102. el territorio, con los bienes publicos que de el forman parte, pertenecen a                                         titulo iv                                        capitulo 1",no
103,articulo 103. son mecanismos de participacion del pueblo en ejercicio de su soberania:,no
104,"articulo 104. el presidente de la republica, con la firma de todos los ministros y previo",no
105,articulo 105. previo cumplimiento de los requisitos y formalidades que senale el,no
106,articulo 106. previo el cumplimiento de los requisitos que la ley senale y en los casos                                        capitulo 2,no
107,"articulo 107. se garantiza a todos los nacionales el derecho a fundar, organizar y",no
108,articulo 108. el consejo nacional electoral reconocera personeria juridica a los,no
109,articulo 109. el estado contribuira a la financiacion del funcionamiento y de las,no
110,articulo 110. se prohibe a quienes desempenan funciones publicas hacer contribucion,no
111,articulo 111. los partidos y movimientos politicos con personeria juridica tienen                                      capitulo 3,no
112,articulo 112. los partidos y movimientos politicos que no participen en el gobierno                                         titulo v                                        capitulo 1,no
113,"articulo 113. son ramas del poder publico, la legislativa, la ejecutiva y la judicial.",no
114,"articulo 114. corresponde al congreso de la republica reformar la constitucion, hacer",no
115,"articulo 115. el presidente de la republica es jefe del estado, jefe del gobierno y",no
116,"articulo 116. la corte constitucional, la corte suprema de justicia, el consejo de",no
117,articulo 117. el ministerio publico y la controlaria general de la republica son organos,no
118,articulo 118. el ministerio publico sera ejercido por el procurador general de la,no
119,articulo 119. la controlaria general de la republica tiene a su cargo la vigilancia de la,no
120,articulo 120. la organizacion electoral esta conformada por el consejo nacional,no
121,articulo 121. ninguna autoridad del estado podra ejercer funciones distintas de las que                                      capitulo 2,no
122,articulo 122. no habra empleo publico que no tenga funciones detalladas en ley o,no
123,"articulo 123. son servidores publicos los miembros de las corporaciones publicas, los",no
124,articulo 124. la ley determinara la responsabilidad de los servidores publicos y la,no
125,articulo 125. los empleos en los organos y entidades del estado son de carrera. se,no
126,articulo 126. los servidores publicos no podran nombrar como empleados a personas,no
127,"articulo 127. los servidores publicos no podran celebrar, por si o por interpuesta",no
128,articulo 128. nadie podra desempenar simultaneamente mas de un empleo publico ni,no
129,"articulo 129. los servidores publicos no podran aceptar cargos, honores o",no
130,articulo 130. habra una comision nacional del servicio civil responsable de la,si
131,articulo 131. compete a la ley la reglamentacion del servicio publico que prestan los                                         titulo vi                                        capitulo 1,si
132,articulo 132. los senadores y los representantes seran elegidos para un periodo de,si
133,articulo 133. los miembros de cuerpos colegiados de eleccion directa representan al,si
134,articulo 134. las vacancias por faltas absolutas de los congresistas seran suplidas por,si
135,articulo 135. son facultades de cada camara:,si
136,articulo 136. se prohibe al congreso y a cada una de sus camaras:,si
137,articulo 137. cualquier comision permanente podra emplazar a toda persona natural o                                      capitulo 2,si
138,"articulo 138. el congreso, por derecho propio, se reunira en sesiones ordinarias,",si
139,articulo 139. las sesiones del congreso seran instaladas y clausuradas conjunta y,si
140,articulo 140. el congreso tiene su sede en la capital de la republica. las camaras,no
141,articulo 141. el congreso se reunira en un solo cuerpo unicamente para la instalacion,no
142,"articulo 142. cada camara elegira, para el respectivo periodo constitucional,",no
143,articulo 143. el senado de la republica y la camara de representantes podran,no
144,articulo 144. las sesiones de las camaras y de sus comisiones permanentes seran,no
145,"articulo 145. el congreso pleno, las camaras y sus comisiones no podran abrir",no
146,"articulo 146. en el congreso pleno, en las camaras y en sus comisiones permanentes,",no
147,articulo 147. las mesas directivas de las camaras y de sus comisiones permanentes,no
148,articulo 148. las normas sobre quorum y mayorias decisorias regiran tambien para las,no
149,"articulo 149. toda reunion de miembros del congreso que, con el proposito de ejercer                                        capitulo 3",no
150,articulo 150. corresponde al congreso hacer las leyes. por medio de ellas ejerce las,no
151,articulo 151. el congreso expedira leyes organicas a las cuales estara sujeto el,no
152,"articulo 152. mediante las leyes estatutarias, el congreso de la republica regulara las",no
153,"articulo 153. la aprobacion, modificacion o derogacion de las leyes estatutarias exigira",no
154,articulo 154. las leyes pueden tener origen en cualquiera de las camaras a propuesta,no
155,"articulo 155. podran presentar proyectos de ley o de reforma constitucional, un numero",no
156,"articulo 156. la corte constitucional, el consejo superior de la judicatura, la corte",no
157,articulo 157. ningun proyecto sera ley sin los requisitos siguientes:,no
158,articulo 158. todo proyecto de ley debe referirse a una misma materia y seran,no
159,articulo 159. el proyecto de ley que hubiere sido negado en primer debate podra ser,no
160,articulo 160. entre el primero y el segundo debate debera mediar un lapso no inferior a,si
161,"articulo 161. cuando surgieren discrepancias en las camaras respecto de un proyecto,",si
162,articulo 162. los proyectos de ley que no hubieren completado su tramite en una,si
163,articulo 163. el presidente de la republica podra solicitar tramite de urgencia para,si
164,articulo 164. el congreso dara prioridad al tramite de los proyectos de ley aprobatorios,si
165,"articulo 165. aprobado un proyecto de ley por ambas camaras, pasara al gobierno",si
166,articulo 166. el gobierno dispone del termino de seis dias para devolver con,si
167,articulo 167. el proyecto de ley objetado total o parcialmente por el gobierno volvera a,si
168,articulo 168. si el presidente no cumpliere el deber de sancionar las leyes en los,si
169,"articulo 169. el titulo de las leyes debera corresponder precisamente a su contenido, y",si
170,articulo 170. un numero de ciudadanos equivalente a la decima parte del censo                                      capitulo 4,no
171,articulo 171. el senado de la republica estara integrado por cien miembros elegidos,no
172,"articulo 172. para ser elegido senador se requiere ser colombiano de nacimiento,",no
173,articulo 173. son atribuciones del senado:,no
174,articulo 174. corresponde al senado conocer de las acusaciones que formule la,no
175,"articulo 175. en los juicios que se sigan ante el senado, se observaran estas reglas:                                      capitulo 5",no
176,articulo 176. la camara de representantes se elegira en circunscripciones territoriales,no
177,articulo 177. para ser elegido representante se requiere ser ciudadano en ejercicio y,no
178,articulo 178. la camara de representantes tendra las siguientes atribuciones                                        capitulo 6,no
179,articulo 179. no podran ser congresistas:,no
180,articulo 180. los congresistas no podran:,no
181,articulo 181. las incompatibilidades de los congresistas tendran vigencia durante el,no
182,articulo 182. los congresistas deberan poner en conocimiento de la respectiva,no
183,articulo 183. los congresistas perderan su investidura:,no
184,articulo 184. la perdida de la investidura sera decretada por el consejo de estado de,no
185,articulo 185. los congresistas seran inviolables por las opiniones y los votos que,no
186,"articulo 186. de los delitos que cometan los congresistas, conocera en forma privativa",no
187,articulo 187. la asignacion de los miembros del congreso se reajustara cada ano en                                        titulo vii                                       capitulo 1,no
188,articulo 188. el presidente de la republica simboliza la unidad nacional y al jurar el,no
189,"articulo 189. corresponde al presidente de la republica como jefe de estado, jefe del",no
190,articulo 190. el presidente de la republica sera elegido para un periodo de cuatro,no
191,articulo 191. para ser presidente de la republica se requiere ser colombiano por,no
192,articulo 192. el presidente de la republica tomara posesion de su destino ante el,no
193,articulo 193. corresponde al senado conceder licencia al presidente de la republica,no
194,"articulo 194. son faltas absolutas del presidente de la republica su muerte, su",no
195,articulo 195. el encargado del ejecutivo tendra la misma preeminencia y las mismas,no
196,"articulo 196. el presidente de la republica, o quien haga sus veces, no podra",no
197,articulo 197. no podra ser elegido presidente de la republica el ciudadano que a,no
198,"articulo 198. el presidente de la republica, o quien haga sus veces, sera responsable",no
199,"articulo 199. el presidente de la republica, durante el periodo para el que sea elegido,                                      capitulo 2",no
200,"articulo 200. corresponde al gobierno, en relacion con el congreso:",no
201,"articulo 201. corresponde al gobierno, en relacion con la rama judicial:                                     capitulo 3",no
202,articulo 202. el vicepresidente de la republica sera elegido por votacion popular el,no
203,"articulo 203. a falta del vicepresidente cuando estuviera ejerciendo la presidencia,",no
204,articulo 204. para ser elegido vicepresidente se requieren las mismas calidades que,no
205,"articulo 205. en caso de falta absoluta del vicepresidente, el congreso se reunira por                                      capitulo 4",no
206,"articulo 206. el numero, denominacion y orden de precedencia de los ministerios y",no
207,articulo 207. para ser ministro o director de departamento administrativo se requieren,no
208,articulo 208. los ministros y los directores de departamentos administrativos son los                                      capitulo 5,no
209,articulo 209. la funcion administrativa esta al servicio de los intereses generales y se,no
210,articulo 210. las entidades del orden nacional descentralizadas por servicios solo,no
211,articulo 211. la ley senalara las funciones que el presidente de la republica podra                                      capitulo 6,no
212,"articulo 212. el presidente de la republica, con la firma de todos los ministros, podra",no
213,articulo 213. en caso de grave perturbacion del orden publico que atente de manera,no
214,articulo 214. los estados de excepcion a que se refieren los articulos anteriores se,no
215,articulo 215. cuando sobrevengan hechos distintos de los previstos en los articulos                                       capitulo 7,no
216,articulo 216. la fuerza publica estara integrada en forma exclusiva por las fuerzas,no
217,articulo 217. la nacion tendra para su defensa unas fuerzas militares permanentes,no
218,articulo 218. la ley organizara el cuerpo de policia.,no
219,articulo 219. la fuerza publica no es deliberante; no podra reunirse sino por orden de,no
220,articulo 220. los miembros de la fuerza publica no pueden ser privados de sus,no
221,articulo 221. de los delitos cometidos por los miembros de la fuerza publica en,no
222,"articulo 222. la ley determinara los sistemas de promocion profesional, cultural y",no
223,"articulo 223. solo el gobierno puede introducir y fabricar armas, municiones de guerra                                     capitulo 8",no
224,"articulo 224. los tratados, para su validez, deberan ser aprobados por el congreso.",no
225,"articulo 225. la comision asesora de relaciones exteriores, cuya composicion sera",no
226,"articulo 226. el estado promovera la internacionalizacion de las relaciones politicas,",no
227,"articulo 227. el estado promovera la integracion economica, social y politica con las                                      titulo viii                                     capitulo 1",no
228,articulo 228. la administracion de justicia es funcion publica. sus decisiones son,no
229,articulo 229. se garantiza el derecho de toda persona para acceder a la administracion,si
230,"articulo 230. los jueces, en sus providencias, solo estan sometidos al imperio de la",si
231,articulo 231. los magistrados de la corte suprema de justicia y del consejo de,si
232,"articulo 232. para ser magistrado de la corte constitucional, de la corte suprema de",si
233,"articulo 233. los magistrados de la corte constitucional, de la corte suprema de                                        capitulo 2",si
234,articulo 234. la corte suprema de justicia es el maximo tribunal de la jurisdiccion,si
235,articulo 235. son atribuciones de la corte suprema de justicia:                                      capitulo 3,si
236,articulo 236. el consejo de estado tendra el numero impar de magistrados que,si
237,articulo 237. son atribuciones del consejo de estado:,si
238,articulo 238. la jurisdiccion de lo contencioso administrativo podra suspender                                      capitulo 4,si
239,articulo 239. la corte constitucional tendra el numero impar de miembros que,si
240,articulo 240. no podran ser elegidos magistrados de la corte constitucional quienes,no
241,articulo 241. a la corte constitucional se le confia la guarda de la integridad y,no
242,articulo 242. los procesos que se adelanten ante la corte constitucional en las,no
243,articulo 243. los fallos que la corte dicte en ejercicio del control jurisdiccional hacen,no
244,articulo 244. la corte constitucional comunicara al presidente de la republica o al,no
245,articulo 245. el gobierno no podra conferir empleo a los magistrados de la corte                                        capitulo 5,no
246,articulo 246. las autoridades de los pueblos indigenas podran ejercer funciones,no
247,articulo 247. la ley podra crear jueces de paz encargados de resolver en equidad,no
248,articulo 248. unicamente las condenas proferidas en sentencias judiciales en forma                                        capitulo 6,no
249,"articulo 249. la fiscalia general de la nacion estara integrada por el fiscal general,",no
250,"articulo 250. corresponde a la fiscalia general de la nacion, de oficio o mediante",no
251,articulo 251. son funciones especiales del fiscal general de la nacion:,no
252,articulo 252. aun durante los estados de excepcion de que trata la constitucion en sus,no
253,articulo 253. la ley determinara lo relativo a la estructura y funcionamiento de la                                      capitulo 7,no
254,articulo 254. el consejo superior de la judicatura se dividira en dos salas:,no
255,articulo 255. para ser miembro del consejo superior de la judicatura se requiere ser,no
256,articulo 256. corresponden al consejo superior de la judicatura o a los consejos,no
257,"articulo 257. con sujecion a la ley, el consejo superior de la judicatura cumplira las                                        titulo ix                                       capitulo 1",no
258,articulo 258. el voto es un derecho y un deber ciudadano. en todas las elecciones los,no
259,"articulo 259. quienes elijan gobernadores y alcaldes, imponen por mandato al elegido",no
260,articulo 260. los ciudadanos eligen en forma directa presidente y vicepresidente de la,no
261,articulo 261. ningun cargo de eleccion popular en corporaciones publicas tendra,no
262,articulo 262. la eleccion del presidente y vicepresidente no podra coincidir con otra,no
263,"articulo 263. para asegurar la representacion proporcional de los partidos, cuando se                                       capitulo 2",no
264,articulo 264. el consejo nacional electoral se compondra del numero de miembros,no
265,"articulo 265. el consejo nacional electoral tendra, de conformidad con la ley, las",no
266,articulo 266. el registrador nacional del estado civil sera elegido por el consejo                                         titulo x                                        capitulo 1,no
267,articulo 267. el control fiscal es una funcion publica que ejercera la contraloria general,no
268,articulo 268. el contralor general de la republica tendra las siguientes atribuciones:,no
269,"articulo 269. en las entidades publicas, las autoridades correspondientes estan",no
270,articulo 270. la ley organizara las formas y los sistemas de participacion ciudadana,no
271,articulo 271. los resultados de las indagaciones preliminares adelantadas por la,no
272,"articulo 272. la vigilancia de la gestion fiscal de los departamentos, distritos y",no
273,"articulo 273. a solicitud de cualquiera de los proponentes, el contralor general de la",no
274,articulo 274. la vigilancia de la gestion fiscal de la contraloria general de la republica                                         capitulo 2,no
275,articulo 275. el procurador general de la nacion es el supremo director del ministerio,no
276,"articulo 276. el procurador general de la nacion sera elegido por el senado, para un",no
277,"articulo 277. el procurador general de la nacion, por si o por medio de sus delegados",no
278,articulo 278. el procurador general de la nacion ejercera directamente las siguientes,no
279,articulo 279. la ley determinara lo relativo a la estructura y al funcionamiento de la,no
280,"articulo 280. los agentes del ministerio publico tendran las mismas calidades,",no
281,articulo 281. el defensor del pueblo formara parte del ministerio publico y ejercera sus,no
282,"articulo 282. el defensor del pueblo velara por la promocion, el ejercicio y la",no
283,articulo 283. la ley determinara lo relativo a la organizacion y funcionamiento de la,no
284,"articulo 284. salvo las excepciones previstas en la constitucion y la ley, el procurador                                           titulo xi                                       capitulo 1",no
285,"articulo 285. fuera de la division general del territorio, habra las que determine la ley",no
286,"articulo 286. son entidades territoriales los departamentos, los distritos, los municipios",no
287,articulo 287. las entidades territoriales gozan de autonomia para la gestion de sus,no
288,articulo 288. la ley organica de ordenamiento territorial establecera la distribucion de,no
289,"articulo 289. por mandato de la ley, los departamentos y municipios ubicados en zonas",no
290,"articulo 290. con el cumplimiento de los requisitos y formalidades que senale la ley, y",si
291,articulo 291. los miembros de las corporaciones publicas de las entidades territoriales,si
292,articulo 292. los diputados y concejales y sus parientes dentro del grado que senale la,si
293,"articulo 293. sin perjuicio de lo establecido en la constitucion, la ley determinara las",si
294,articulo 294. la ley no podra conceder exenciones ni tratamientos preferenciales en,si
295,"articulo 295. las entidades territoriales podran emitir titulos y bonos de deuda publica,",si
296,articulo 296. para la conservacion del orden publico o para su restablecimiento donde                                      capitulo 2,si
297,articulo 297. el congreso nacional puede decretar la formacion de nuevos,si
298,articulo 298. los departamentos tienen autonomia para la administracion de los,si
299,articulo 299. en cada departamento habra una corporacion administrativa de eleccion,si
300,articulo 300. corresponde a las asambleas departamentales por medio de,no
301,articulo 301. la ley senalara los casos en los cuales las asambleas podran delegar en,no
302,articulo 302. la ley podra establecer para uno o varios departamentos diversas,no
303,articulo 303. en cada uno de los departamentos habra un gobernador que sera jefe de,no
304,"articulo 304. el presidente de la republica, en los casos taxativamente senalados por",no
305,articulo 305. son atribuciones del gobernador:,no
306,articulo 306. dos o mas departamentos podran constituirse en regiones administrativas,no
307,"articulo 307. la respectiva ley organica, previo concepto de la comision de",no
308,articulo 308. la ley podra limitar las apropiaciones departamentales destinadas a,no
309,"articulo 309. erigense en departamento las intendencias de arauca, casanare,",no
310,"articulo 310. el departamento archipielago de san andres, providencia y santa                                       capitulo 3",no
311,articulo 311. al municipio como entidad fundamental de la division,no
312,articulo 312. en cada municipio habra una corporacion administrativa elegida,no
313,articulo 313. corresponde a los concejos:,no
314,"articulo 314. en cada municipio habra un alcalde, jefe de la administracion local y",no
315,articulo 315. son atribuciones del alcalde:,no
316,articulo 316. en las votaciones que se realicen para la eleccion de autoridades locales,no
317,articulo 317. solo los municipios podran gravar la propiedad inmueble. lo anterior no,no
318,articulo 318. con el fin de mejorar la prestacion de los servicios y asegurar la,no
319,"articulo 319. cuando dos o mas municipios tengan relaciones economicas, sociales y",no
320,articulo 320. la ley podra establecer categorias de municipios de acuerdo con su,no
321,articulo 321. las provincias se constituyen con municipios o territorios indigenas                                        capitulo 4,no
322,"articulo 322. santa fe de bogota, capital de la republica y del departamento de",no
323,articulo 323. el concejo distrital se compondra de un concejal por cada ciento,no
324,articulo 324. las juntas administradoras locales distribuiran y apropiaran las partidas,no
325,articulo 325. con el fin de garantizar la ejecucion de planes y programas de desarrollo,no
326,articulo 326. los municipios circunvecinos podran incorporarse al distrito capital si asi,no
327,articulo 327. en las elecciones de gobernador y de diputados a la asamblea,no
328,articulo 328. el distrito turistico y cultural de cartagena de indias y el distrito,no
329,articulo 329. la conformacion de las entidades territoriales indigenas se hara con,no
330,"articulo 330. de conformidad con la constitucion y las leyes, los territorios indigenas",no
331,articulo 331. crease la corporacion autonoma regional del rio grande de la                                          titulo xii                                          capitulo 1,no
332,articulo 332. el estado es propietario del subsuelo y de los recursos naturales no,no
333,"articulo 333. la actividad economica y la iniciativa privada son libres, dentro de los",no
334,articulo 334. la direccion general de la economia estara a cargo del estado. este,no
335,"articulo 335. las actividades financiera, bursatil, aseguradora y cualquier otra",no
336,"articulo 336. ningun monopolio podra establecerse sino como arbitrio rentistico, con",no
337,"articulo 337. la ley podra establecer para las zonas de frontera, terrestres y maritimas,",no
338,"articulo 338. en tiempo de paz, solamente el congreso, las asambleas                                       capitulo 2",no
339,articulo 339. habra un plan nacional de desarrollo conformado por una parte general,no
340,articulo 340. habra un consejo nacional de planeacion integrado por representantes,no
341,articulo 341. el gobierno elaborara el plan nacional de desarrollo con participacion,no
342,articulo 342. la correspondiente ley organica reglamentara todo lo relacionado con los,no
343,"articulo 343. la entidad nacional de planeacion que senale la ley, tendra a su cargo el",no
344,articulo 344. los organismos departamentales de planeacion haran la evaluacion de                                      capitulo 3,no
345,articulo 345. en tiempo de paz no se podra percibir contribucion o impuesto que no,no
346,articulo 346. el gobierno formulara anualmente el presupuesto de rentas y ley de,no
347,articulo 347. el proyecto de ley de apropiaciones debera contener la totalidad de los,no
348,"articulo 348. si el congreso no expidiere el presupuesto, regira el presentado por el",no
349,"articulo 349. durante los tres primeros meses de cada legislatura, y estrictamente de",no
350,articulo 350. la ley de apropiaciones debera tener un componente denominado gasto,no
351,articulo 351. el congreso no podra aumentar ninguna de las partidas del presupuesto,no
352,"articulo 352. ademas de lo senalado en esta constitucion, la ley organica del",no
353,"articulo 353. los principios y las disposiciones establecidos en este titulo se aplicaran,",no
354,"articulo 354. habra un contador general, funcionario de la rama ejecutiva, quien",no
355,articulo 355. ninguna de las ramas u organos del poder publico podra decretar                                      capitulo 4,no
356,"articulo 356. salvo lo dispuesto por la constitucion, la ley, a iniciativa del gobierno,",no
357,articulo 357. los municipios participaran en los ingresos corrientes de la nacion. la,no
358,"articulo 358. para los efectos contemplados en los dos articulos anteriores, entiendese",no
359,articulo 359. no habra rentas nacionales de destinacion especifica.,no
360,articulo 360. la ley determinara las condiciones para la explotacion de los recursos,no
361,articulo 361. con los ingresos provenientes de las regalias que no sean asignados a,no
362,articulo 362. los bienes y rentas tributarias o no tributarias o provenientes de la,no
363,"articulo 363. el sistema tributario se funda en los principios de equidad, eficiencia y",no
364,articulo 364. el endeudamiento interno y externo de la nacion y de las entidades                                       capitulo 5,no
365,articulo 365. los servicios publicos son inherentes a la finalidad social del estado. es,no
366,articulo 366. el bienestar general y el mejoramiento de la calidad de vida de la,no
367,articulo 367. la ley fijara las competencias y responsabilidades relativas a la,no
368,"articulo 368. la nacion, los departamentos, los distritos, los municipios y las entidades",no
369,"articulo 369. la ley determinara los deberes y derechos de los usuarios, el regimen de",no
370,"articulo 370. corresponde al presidente de la republica senalar, con sujecion a la ley,                                       capitulo 6",no
371,articulo 371. el banco de la republica ejercera las funciones de banca central. estara,no
372,"articulo 372. la junta directiva del banco de la republica sera la autoridad monetaria,",no
373,"articulo 373. el estado, por intermedio del banco de la republica, velara por el                                       titulo xiii",no
374,"articulo 374. la constitucion politica podra ser reformada por el congreso, por una",no
375,"articulo 375. podran presentar proyectos de acto legislativo el gobierno, diez miembros",no
376,articulo 376. mediante ley aprobada por mayoria de los miembros de una y otra,no
377,articulo 377. deberan someterse a referendo las reformas constitucionales aprobadas,no
378,articulo 378. por iniciativa del gobierno o de los ciudadanos en las condiciones del,no
379,"articulo 379. los actos legislativos, la convocatoria a referendo, la consulta popular o",no
380,articulo 380. queda derogada la constitucion hasta ahora vigente con todas sus                                        capitulo 1,no
transitorio 1,articulo transitorio 1. convocase a elecciones generales del congreso de la republica,no
transitorio 2,articulo transitorio 2. no podran ser candidatos en dicha eleccion los delegatarios de,no
transitorio 3,"articulo transitorio 3. mientras se instala, el 1Â° de diciembre de 1991 el nuevo",no
transitorio 4,articulo transitorio 4. el congreso elegido el 27 de octubre de 1991 sesionara,no
transitorio 5,articulo transitorio 5. revistese al presidente de la republica de precisas facultades,no
transitorio 6,articulo transitorio 6. crease una comision especial de treinta y seis miembros,no
transitorio 7,articulo transitorio 7. el presidente de la republica designara un representante del,no
transitorio 8,articulo transitorio 8. los decretos expedidos en ejercicio de las facultades de estado,no
transitorio 9,articulo transitorio 9. las facultades extraordinarias para cuyo ejercicio no se hubiere,no
transitorio 10,articulo transitorio 10. los decretos que expida el gobierno en ejercicio de las,no
transitorio 11,articulo transitorio 11. las facultades extraordinarias a que se refiere el articulo,no
transitorio 12,articulo transitorio 12. con el fin de facilitar la reincorporacion a la vida civil de los,no
transitorio 13,articulo transitorio 13. dentro de los tres anos siguientes a la entrada en vigencia de,no
transitorio 14,articulo transitorio 14. dentro de la legislatura que se inicia el primero de diciembre de,no
transitorio 15,articulo transitorio 15. la primera eleccion de vicepresidente de la republica se,no
transitorio 16,"articulo transitorio 16. salvo los casos que senale la constitucion, la primera eleccion",no
transitorio 17,articulo transitorio 17. la primera eleccion popular de gobernadores en los,no
transitorio 18,articulo transitorio 18. mientras la ley establece el regimen de inhabilidades para los                                        capitulo 2,no
transitorio 20,"articulo transitorio 20. el gobierno nacional, durante el termino de dieciocho meses",no
transitorio 21,articulo transitorio 21. las normas legales que desarrollen los principios consignados                                       capitulo 3,no
transitorio 22,"articulo transitorio 22. mientras la ley no fije otro numero, la primera corte",no
transitorio 23,articulo transitorio 23. revistese al presidente de la republica de precisas facultades,no
transitorio 24,articulo transitorio 24. las acciones publicas de inconstitucionalidad instauradas antes,no
transitorio 25,articulo transitorio 25. el presidente de la republica designara por primera y unica,no
transitorio 26,articulo transitorio 26. los procesos que se adelanten actualmente en el tribunal,no
transitorio 27,articulo transitorio 27. la fiscalia general de la nacion entrara a funcionar cuando se,no
transitorio 28,articulo transitorio 28. mientras se expide la ley que atribuya a las autoridades,no
transitorio 29,articulo transitorio 29. para la aplicacion en cualquier tiempo de las normas que,no
transitorio 30,articulo transitorio 30. autorizase al gobierno nacional para conceder indultos o                                        capitulo 4,no
transitorio 31,articulo transitorio 31. transcurrido un mes desde la instalacion del congreso elegido,no
transitorio 32,articulo transitorio 32. mientras se integra el consejo nacional electoral en los,no
transitorio 33,articulo transitorio 33. el periodo del actual registrador nacional del estado civil,no
transitorio 34,"articulo transitorio 34. el presidente de la republica, en un plazo no mayor de ocho",no
transitorio 35,articulo transitorio 35. el consejo nacional electoral reconocera automaticamente                                       capitulo 5,no
transitorio 36,articulo transitorio 36. los actuales contralor general de la republica y procurador,no
transitorio 37,articulo transitorio 37. el primer defensor del pueblo sera elegido por el procurador                                       capitulo 6,no
transitorio 38,"articulo transitorio 38. el gobierno organizara e integrara, en el termino de seis",no
transitorio 39,articulo transitorio 39. revistese al presidente de la republica de precisas facultades,no
transitorio 40,articulo transitorio 40. son validas las creaciones de municipios hechas por las,no
transitorio 41,articulo transitorio 41. si durante los dos anos siguientes a la fecha de promulgacion,no
transitorio 42,articulo transitorio 42. mientras el congreso expide las leyes de que trata el articulo                                       capitulo 7,no
transitorio 43,articulo transitorio 43. para financiar el funcionamiento de las nuevas instituciones y,no
transitorio 44,articulo transitorio 44. el situado fiscal para el ano de 1992 no sera inferior al de 1991,no
transitorio 45,"articulo transitorio 45. los distritos y municipios percibiran como minimo, durante la",no
transitorio 46,"articulo transitorio 46. el gobierno nacional pondra en funcionamiento, por un periodo",no
transitorio 47,"articulo transitorio 47. la ley organizara para las zonas afectadas por aguda violencia,",no
transitorio 48,articulo transitorio 48. dentro de los tres meses siguientes a la instalacion del,no
transitorio 49,articulo transitorio 49. en la primera legislatura posterior a la entrada en vigencia de,no
transitorio 50,articulo transitorio 50. mientras se dictan las normas generales a las cuales debe,no
transitorio 51,"articulo transitorio 51. mientras se dicten las leyes correspondientes, la nueva junta",no
transitorio 52,"articulo transitorio 52. a partir de la entrada en vigencia de esta constitucion, la",no
transitorio 53,articulo transitorio 53. el gobierno tomara las decisiones administrativas y hara los                                       capitulo 8,no
transitorio 54,"articulo transitorio 54. adoptanse, para todos los efectos constitucionales y legales,",no
transitorio 55,articulo transitorio 55. dentro de los dos anos siguientes a la entrada en vigencia de la,no
transitorio 56,"articulo transitorio 56. mientras se expide la ley a que se refiere el articulo 329, el",no
transitorio 57,articulo transitorio 57. el gobierno formara una comision integrada por representantes,no
transitorio 58,articulo transitorio 58. autorizase al gobierno nacional para ratificar los tratados o,no
transitorio 59,articulo transitorio 59. la presente constitucion y los demas actos promulgados por,no
